-- ============================================================
-- Data Migration: MySQL BlyssApp → Supabase PostgreSQL
-- Source: BlyssApp.sql (phpMyAdmin dump, 2026-03-13)
-- ⚠️  DESTRUCTIVE: truncates all tables before inserting
-- ============================================================

-- Clear all data (CASCADE handles FK dependencies)
TRUNCATE users CASCADE;

-- ============================================================
-- 1. users (26 rows)
-- Notes:
--   · is_verified not in PG schema (skipped)
--   · iban_hash not in PG schema (skipped); IBAN values are NULL anyway
--   · 'past' slots status → 'blocked' (done in slots section)
--   · accept_online_payment: tinyint(1) → boolean
-- ============================================================
INSERT INTO users (
  id, first_name, last_name, email, password_hash, phone_number, birth_date,
  role, is_admin, is_active, pro_status, activity_name, city, instagram_account,
  profile_photo, banner_photo, bio,
  accept_online_payment, monthly_objective,
  stripe_account_id, stripe_customer_id, stripe_onboarding_complete, deposit_percentage,
  profile_visibility, created_at
) OVERRIDING SYSTEM VALUE VALUES
(3,'Noah','Dekeyzer','noah@dekeyzer.fr','$2b$12$VxACuKVrYUOm3fRnHc2mHesJV7fhFwdG1LoYIeCaXNai8PFFD9g32','0619761979','2005-10-11','pro',true,true,'active','NailByN','Paris','@nozito_',NULL,NULL,'la meilleure de tes po',false,2000,'acct_1T0lnsR8RT3QGOum',NULL,true,0,'public','2023-12-01 00:00:00+00'),
(6,'Antoine','Tardivel','antoine@blyss.fr','$2b$12$hE3kth3eC7CI.jCpTBKuaekiMh7PgF6RhaDGPgXp7azdW.SyqHkpG','0634567889','2005-01-31','client',false,true,'inactive',NULL,NULL,NULL,NULL,NULL,NULL,false,0,NULL,'cus_TyjLUXj0TTWYSz',false,50,'public','2026-01-10 00:00:00+00'),
(7,'Marie','Dupont','marie.dupont@test.com','$2b$12$abcdefghijklmnopqrstuv','0612345678','1995-05-12','client',false,true,'active','NailsDupont','Cannes',NULL,NULL,NULL,NULL,true,0,NULL,NULL,false,50,'public','2026-01-10 00:00:00+00'),
(8,'Sophie','Martin','sophie.martin@test.com','$2b$12$abcdefghijklmnopqrstuv','0789657312','1993-09-23','client',false,true,'active','SophieNails','Nice',NULL,NULL,NULL,NULL,true,0,NULL,NULL,false,50,'public','2026-01-10 00:00:00+00'),
(9,'Emma','Bernard','emma.bernard@test.com','$2b$12$abcdefghijklmnopqrstuv','0745765420','1998-02-01','client',false,true,'active','NailsbyE','Lyon 6',NULL,NULL,NULL,NULL,true,0,NULL,NULL,false,50,'public','2026-01-10 00:00:00+00'),
(12,'Admin','Blyss','admin@blyss.fr','$2b$12$Ae2qQW1hli0cNOiKMqrpiODxWBahG/FkpKVg9Clw0tYFZFFfdjnEi','0693482102','2003-02-11','client',false,true,'inactive',NULL,NULL,NULL,NULL,NULL,NULL,false,0,NULL,NULL,false,50,'public','2026-01-24 00:00:00+00'),
(20,'Julie','Martin','julie.martin@email.fr','$2b$10$hash1','0612345601','1995-03-15','client',false,true,'inactive',NULL,'Paris',NULL,NULL,NULL,NULL,false,0,NULL,NULL,false,50,'public','2025-10-15 00:00:00+00'),
(21,'Léa','Bernard','lea.bernard@email.fr','$2b$10$hash2','0612345602','1998-07-22','client',false,true,'inactive',NULL,'Paris',NULL,NULL,NULL,NULL,false,0,NULL,NULL,false,50,'public','2025-11-02 00:00:00+00'),
(22,'Chloé','Petit','chloe.petit@email.fr','$2b$10$hash3','0612345603','1992-11-08','client',false,true,'inactive',NULL,'Paris 11e',NULL,NULL,NULL,NULL,false,0,NULL,NULL,false,50,'public','2025-09-20 00:00:00+00'),
(23,'Sarah','Dubois','sarah.dubois@email.fr','$2b$10$hash4','0612345604','1996-05-30','client',false,true,'inactive',NULL,'Paris',NULL,NULL,NULL,NULL,false,0,NULL,NULL,false,50,'public','2025-12-05 00:00:00+00'),
(24,'Manon','Lambert','manon.lambert@email.fr','$2b$10$hash5','0612345605','1999-01-12','client',false,true,'inactive',NULL,'Paris 10e',NULL,NULL,NULL,NULL,false,0,NULL,NULL,false,50,'public','2025-11-18 00:00:00+00'),
(25,'Camille','Laurent','camille.laurent@email.fr','$2b$10$hash6','0612345606','1994-09-25','client',false,true,'inactive',NULL,'Paris',NULL,NULL,NULL,NULL,false,0,NULL,NULL,false,50,'public','2025-10-08 00:00:00+00'),
(26,'Emma','Simon','emma.simon@email.fr','$2b$10$hash7','0612345607','1997-12-18','client',false,true,'inactive',NULL,'Paris 20e',NULL,NULL,NULL,NULL,false,0,NULL,NULL,false,50,'public','2025-12-12 00:00:00+00'),
(27,'Laura','Morel','laura.morel@email.fr','$2b$10$hash8','0612345608','1993-04-07','client',false,true,'inactive',NULL,'Paris',NULL,NULL,NULL,NULL,false,0,NULL,NULL,false,50,'public','2025-09-30 00:00:00+00'),
(28,'Alice','Girard','alice.girard@email.fr','$2b$10$hash9','0612345609','1998-08-14','client',false,true,'inactive',NULL,'Paris 18e',NULL,NULL,NULL,NULL,false,0,NULL,NULL,false,50,'public','2025-11-25 00:00:00+00'),
(29,'Marine','Roux','marine.roux@email.fr','$2b$10$hash10','0612345610','1995-06-21','client',false,true,'inactive',NULL,'Paris',NULL,NULL,NULL,NULL,false,0,NULL,NULL,false,50,'public','2025-10-22 00:00:00+00'),
(30,'Sophie','André','sophie.andre@email.fr','$2b$10$hash11','0612345611','1991-10-03','client',false,true,'inactive',NULL,'Paris 15e',NULL,NULL,NULL,NULL,false,0,NULL,NULL,false,50,'public','2025-12-01 00:00:00+00'),
(31,'Clara','Blanc','clara.blanc@email.fr','$2b$10$hash12','0612345612','1996-02-28','client',false,true,'inactive',NULL,'Paris',NULL,NULL,NULL,NULL,false,0,NULL,NULL,false,50,'public','2025-11-10 00:00:00+00'),
(32,'Louise','Garnier','louise.garnier@email.fr','$2b$10$hash13','0612345613','1999-07-16','client',false,true,'inactive',NULL,'Paris 9e',NULL,NULL,NULL,NULL,false,0,NULL,NULL,false,50,'public','2025-10-18 00:00:00+00'),
(33,'Margaux','Faure','margaux.faure@email.fr','$2b$10$hash14','0612345614','1994-12-05','client',false,true,'inactive',NULL,'Paris',NULL,NULL,NULL,NULL,false,0,NULL,NULL,false,50,'public','2025-12-08 00:00:00+00'),
(34,'Pauline','Chevalier','pauline.chevalier@email.fr','$2b$10$hash15','0612345615','1997-03-19','client',false,true,'inactive',NULL,'Paris 12e',NULL,NULL,NULL,NULL,false,0,NULL,NULL,false,50,'public','2025-09-25 00:00:00+00'),
(35,'Mathilde','Robin','mathilde.robin@email.fr','$2b$10$hash16','0612345616','1992-08-27','client',false,true,'inactive',NULL,'Paris',NULL,NULL,NULL,NULL,false,0,NULL,NULL,false,50,'public','2025-11-15 00:00:00+00'),
(36,'Lucie','Clément','lucie.clement@email.fr','$2b$10$hash17','0612345617','1998-01-11','client',false,true,'inactive',NULL,'Paris 19e',NULL,NULL,NULL,NULL,false,0,NULL,NULL,false,50,'public','2025-10-12 00:00:00+00'),
(37,'Océane','Leroy','oceane.leroy@email.fr','$2b$10$hash18','0612345618','1995-05-24','client',false,true,'inactive',NULL,'Paris',NULL,NULL,NULL,NULL,false,0,NULL,NULL,false,50,'public','2025-12-20 00:00:00+00'),
(38,'Anaïs','Perrin','anais.perrin@email.fr','$2b$10$hash19','0612345619','1993-11-09','client',false,true,'inactive',NULL,'Paris 17e',NULL,NULL,NULL,NULL,false,0,NULL,NULL,false,50,'public','2025-11-05 00:00:00+00'),
(39,'Mélanie','Meyer','melanie.meyer@email.fr','$2b$10$hash20','0612345620','1996-09-13','client',false,true,'inactive',NULL,'Paris',NULL,NULL,NULL,NULL,false,0,NULL,NULL,false,50,'public','2025-10-28 00:00:00+00'),
(40,'Justine','Marchand','justine.marchand@email.fr','$2b$10$hash21','0612345621','1999-04-02','client',false,true,'inactive',NULL,'Paris 13e',NULL,NULL,NULL,NULL,false,0,NULL,NULL,false,50,'public','2025-12-15 00:00:00+00'),
(41,'Élise','Dufour','elise.dufour@email.fr','$2b$10$hash22','0612345622','1994-06-17','client',false,true,'inactive',NULL,'Paris',NULL,NULL,NULL,NULL,false,0,NULL,NULL,false,50,'public','2025-11-22 00:00:00+00'),
(42,'Aurélie','Brun','aurelie.brun@email.fr','$2b$10$hash23','0612345623','1997-10-29','client',false,true,'inactive',NULL,'Paris 16e',NULL,NULL,NULL,NULL,false,0,NULL,NULL,false,50,'public','2025-09-18 00:00:00+00'),
(43,'Élodie','Bonnet','elodie.bonnet@email.fr','$2b$10$hash24','0612345624','1991-02-14','client',false,true,'inactive',NULL,'Paris',NULL,NULL,NULL,NULL,false,0,NULL,NULL,false,50,'public','2025-10-25 00:00:00+00'),
(44,'Jessica','Rousseau','jessica.rousseau@email.fr','$2b$10$hash25','0612345625','1998-12-08','client',false,true,'inactive',NULL,'Paris 14e',NULL,NULL,NULL,NULL,false,0,NULL,NULL,false,50,'public','2025-12-03 00:00:00+00');

SELECT setval('users_id_seq', (SELECT MAX(id) FROM users));

-- ============================================================
-- 2. prestations (8 rows, all pro_id=3)
-- ============================================================
INSERT INTO prestations (id, pro_id, name, description, price, duration_minutes, active, created_at)
OVERRIDING SYSTEM VALUE VALUES
(1,3,'Pose complète gel','Pose complète avec rallongement',65.00,90,true,'2026-01-10 16:06:40+00'),
(2,3,'Remplissage gel','Remplissage des ongles gel',45.00,60,true,'2026-01-10 16:06:40+00'),
(3,3,'Manucure simple','Manucure avec mise en forme',35.00,45,true,'2026-01-10 16:06:40+00'),
(4,3,'Dépose gel','Dépose complète avec soin des ongles',35.00,30,true,'2026-02-01 15:33:18+00'),
(5,3,'French manucure gel','French classique en gel semi-permanent',50.00,75,true,'2026-02-01 15:33:18+00'),
(6,3,'Nail art premium','Décoration personnalisée sur plusieurs ongles',75.00,90,true,'2026-02-01 15:33:18+00'),
(7,3,'Soin complet mains','Manucure + gommage + massage hydratant',40.00,60,true,'2026-02-01 15:33:18+00'),
(8,3,'Baby boomer','Dégradé blanc naturel effet ombré',60.00,90,true,'2026-02-01 15:33:18+00');

SELECT setval('prestations_id_seq', (SELECT MAX(id) FROM prestations));

-- ============================================================
-- 3. slots (~200 rows, all pro_id=3)
-- Note: MySQL 'past' status → PG 'blocked' (PG only allows available/booked/blocked)
-- ============================================================
INSERT INTO slots (id, pro_id, start_datetime, end_datetime, duration, status, created_at)
OVERRIDING SYSTEM VALUE VALUES
(30,3,'2026-01-20 09:00:00+00','2026-01-20 10:00:00+00',60,'available','2026-01-19 23:35:07+00'),
(31,3,'2026-01-20 10:00:00+00','2026-01-20 11:00:00+00',60,'available','2026-01-19 23:35:07+00'),
(32,3,'2026-01-20 11:00:00+00','2026-01-20 12:00:00+00',60,'available','2026-01-19 23:35:07+00'),
(33,3,'2026-01-20 14:00:00+00','2026-01-20 15:00:00+00',60,'available','2026-01-19 23:35:07+00'),
(34,3,'2026-01-20 15:00:00+00','2026-01-20 16:00:00+00',60,'available','2026-01-19 23:35:07+00'),
(35,3,'2026-01-20 16:00:00+00','2026-01-20 17:00:00+00',60,'available','2026-01-19 23:35:07+00'),
(36,3,'2026-01-20 17:00:00+00','2026-01-20 18:00:00+00',60,'available','2026-01-19 23:35:07+00'),
(37,3,'2026-01-21 09:00:00+00','2026-01-21 10:00:00+00',60,'available','2026-01-19 23:35:07+00'),
(38,3,'2026-01-21 10:00:00+00','2026-01-21 11:00:00+00',60,'available','2026-01-19 23:35:07+00'),
(39,3,'2026-01-21 11:00:00+00','2026-01-21 12:00:00+00',60,'available','2026-01-19 23:35:07+00'),
(40,3,'2026-01-21 14:00:00+00','2026-01-21 15:00:00+00',60,'available','2026-01-19 23:35:07+00'),
(41,3,'2026-01-21 15:00:00+00','2026-01-21 16:00:00+00',60,'available','2026-01-19 23:35:07+00'),
(42,3,'2026-01-21 16:00:00+00','2026-01-21 17:00:00+00',60,'available','2026-01-19 23:35:07+00'),
(43,3,'2026-01-21 17:00:00+00','2026-01-21 18:00:00+00',60,'available','2026-01-19 23:35:07+00'),
(44,3,'2026-01-22 09:00:00+00','2026-01-22 10:00:00+00',60,'available','2026-01-19 23:35:07+00'),
(45,3,'2026-01-22 10:00:00+00','2026-01-22 11:00:00+00',60,'available','2026-01-19 23:35:07+00'),
(46,3,'2026-01-22 11:00:00+00','2026-01-22 12:00:00+00',60,'available','2026-01-19 23:35:07+00'),
(47,3,'2026-01-22 14:00:00+00','2026-01-22 15:00:00+00',60,'available','2026-01-19 23:35:07+00'),
(48,3,'2026-01-22 15:00:00+00','2026-01-22 16:00:00+00',60,'available','2026-01-19 23:35:07+00'),
(49,3,'2026-01-22 16:00:00+00','2026-01-22 17:00:00+00',60,'available','2026-01-19 23:35:07+00'),
(50,3,'2026-01-22 17:00:00+00','2026-01-22 18:00:00+00',60,'available','2026-01-19 23:35:07+00'),
(51,3,'2026-01-23 09:00:00+00','2026-01-23 10:00:00+00',60,'available','2026-01-19 23:35:07+00'),
(52,3,'2026-01-23 10:00:00+00','2026-01-23 11:00:00+00',60,'available','2026-01-19 23:35:07+00'),
(53,3,'2026-01-23 11:00:00+00','2026-01-23 12:00:00+00',60,'available','2026-01-19 23:35:07+00'),
(54,3,'2026-01-23 14:00:00+00','2026-01-23 15:00:00+00',60,'available','2026-01-19 23:35:07+00'),
(55,3,'2026-01-23 15:00:00+00','2026-01-23 16:00:00+00',60,'available','2026-01-19 23:35:07+00'),
(56,3,'2026-01-23 16:00:00+00','2026-01-23 17:00:00+00',60,'available','2026-01-19 23:35:07+00'),
(57,3,'2026-01-23 17:00:00+00','2026-01-23 18:00:00+00',60,'available','2026-01-19 23:35:07+00'),
(58,3,'2026-01-24 09:00:00+00','2026-01-24 10:00:00+00',60,'available','2026-01-19 23:35:07+00'),
(59,3,'2026-01-24 10:00:00+00','2026-01-24 11:00:00+00',60,'available','2026-01-19 23:35:07+00'),
(60,3,'2026-01-24 11:00:00+00','2026-01-24 12:00:00+00',60,'available','2026-01-19 23:35:07+00'),
(61,3,'2026-01-24 14:00:00+00','2026-01-24 15:00:00+00',60,'available','2026-01-19 23:35:07+00'),
(62,3,'2026-01-24 15:00:00+00','2026-01-24 16:00:00+00',60,'available','2026-01-19 23:35:07+00'),
(63,3,'2026-01-24 16:00:00+00','2026-01-24 17:00:00+00',60,'available','2026-01-19 23:35:07+00'),
(64,3,'2026-01-25 10:00:00+00','2026-01-25 11:00:00+00',60,'available','2026-01-19 23:35:07+00'),
(65,3,'2026-01-25 11:00:00+00','2026-01-25 12:00:00+00',60,'available','2026-01-19 23:35:07+00'),
(66,3,'2026-01-25 14:00:00+00','2026-01-25 15:00:00+00',60,'available','2026-01-19 23:35:07+00'),
(67,3,'2026-01-25 15:00:00+00','2026-01-25 16:00:00+00',60,'available','2026-01-19 23:35:07+00'),
(68,3,'2026-01-25 16:00:00+00','2026-01-25 17:00:00+00',60,'available','2026-01-19 23:35:07+00'),
(101,3,'2026-02-03 10:00:00+00','2026-02-03 11:00:00+00',60,'available','2026-02-01 15:34:51+00'),
(102,3,'2026-02-03 11:00:00+00','2026-02-03 12:00:00+00',60,'available','2026-02-01 15:34:51+00'),
(103,3,'2026-02-03 14:00:00+00','2026-02-03 15:00:00+00',60,'available','2026-02-01 15:34:51+00'),
(104,3,'2026-02-04 10:30:00+00','2026-02-04 11:30:00+00',60,'available','2026-02-01 15:34:51+00'),
(105,3,'2026-02-04 11:30:00+00','2026-02-04 12:30:00+00',60,'available','2026-02-01 15:34:51+00'),
(106,3,'2026-02-04 14:00:00+00','2026-02-04 15:00:00+00',60,'available','2026-02-01 15:34:51+00'),
(107,3,'2026-02-04 15:00:00+00','2026-02-04 16:00:00+00',60,'available','2026-02-01 15:34:51+00'),
(108,3,'2026-02-05 09:00:00+00','2026-02-05 10:00:00+00',60,'available','2026-02-01 15:34:51+00'),
(109,3,'2026-02-05 10:00:00+00','2026-02-05 11:00:00+00',60,'available','2026-02-01 15:34:51+00'),
(110,3,'2026-02-05 16:00:00+00','2026-02-05 17:00:00+00',60,'available','2026-02-01 15:34:51+00'),
(111,3,'2026-02-05 17:00:00+00','2026-02-05 18:00:00+00',60,'available','2026-02-01 15:34:51+00'),
-- Past slots → mapped to 'blocked'
(200,3,'2025-12-02 09:00:00+00','2025-12-02 10:30:00+00',90,'blocked','2025-11-25 10:00:00+00'),
(201,3,'2025-12-02 10:30:00+00','2025-12-02 11:30:00+00',60,'blocked','2025-11-25 10:00:00+00'),
(202,3,'2025-12-02 14:00:00+00','2025-12-02 15:30:00+00',90,'blocked','2025-11-25 10:00:00+00'),
(203,3,'2025-12-03 09:00:00+00','2025-12-03 10:00:00+00',60,'blocked','2025-11-25 10:00:00+00'),
(204,3,'2025-12-03 14:00:00+00','2025-12-03 15:30:00+00',90,'blocked','2025-11-25 10:00:00+00'),
(205,3,'2025-12-03 15:30:00+00','2025-12-03 16:30:00+00',60,'blocked','2025-11-25 10:00:00+00'),
(206,3,'2025-12-05 10:00:00+00','2025-12-05 11:30:00+00',90,'blocked','2025-11-25 10:00:00+00'),
(207,3,'2025-12-05 14:30:00+00','2025-12-05 15:30:00+00',60,'blocked','2025-11-25 10:00:00+00'),
(208,3,'2025-12-06 09:00:00+00','2025-12-06 10:30:00+00',90,'blocked','2025-11-25 10:00:00+00'),
(209,3,'2025-12-06 11:00:00+00','2025-12-06 12:00:00+00',60,'blocked','2025-11-25 10:00:00+00'),
(210,3,'2025-12-09 09:00:00+00','2025-12-09 10:30:00+00',90,'blocked','2025-12-02 10:00:00+00'),
(211,3,'2025-12-09 14:00:00+00','2025-12-09 15:00:00+00',60,'blocked','2025-12-02 10:00:00+00'),
(212,3,'2025-12-10 10:00:00+00','2025-12-10 11:30:00+00',90,'blocked','2025-12-02 10:00:00+00'),
(213,3,'2025-12-10 14:30:00+00','2025-12-10 15:45:00+00',75,'blocked','2025-12-02 10:00:00+00'),
(214,3,'2025-12-12 09:00:00+00','2025-12-12 10:00:00+00',60,'blocked','2025-12-02 10:00:00+00'),
(215,3,'2025-12-12 14:00:00+00','2025-12-12 15:30:00+00',90,'blocked','2025-12-02 10:00:00+00'),
(216,3,'2025-12-13 10:30:00+00','2025-12-13 11:30:00+00',60,'blocked','2025-12-02 10:00:00+00'),
(217,3,'2025-12-13 15:00:00+00','2025-12-13 16:30:00+00',90,'blocked','2025-12-02 10:00:00+00'),
(250,3,'2026-01-02 09:00:00+00','2026-01-02 10:30:00+00',90,'blocked','2025-12-20 10:00:00+00'),
(251,3,'2026-01-02 14:00:00+00','2026-01-02 15:00:00+00',60,'blocked','2025-12-20 10:00:00+00'),
(252,3,'2026-01-02 15:00:00+00','2026-01-02 16:30:00+00',90,'blocked','2025-12-20 10:00:00+00'),
(253,3,'2026-01-03 10:00:00+00','2026-01-03 11:15:00+00',75,'blocked','2025-12-20 10:00:00+00'),
(254,3,'2026-01-03 14:30:00+00','2026-01-03 15:30:00+00',60,'blocked','2025-12-20 10:00:00+00'),
(255,3,'2026-01-06 09:00:00+00','2026-01-06 10:30:00+00',90,'blocked','2025-12-20 10:00:00+00'),
(256,3,'2026-01-06 11:00:00+00','2026-01-06 12:00:00+00',60,'blocked','2025-12-20 10:00:00+00'),
(257,3,'2026-01-06 14:00:00+00','2026-01-06 15:30:00+00',90,'blocked','2025-12-20 10:00:00+00'),
(258,3,'2026-01-07 09:30:00+00','2026-01-07 10:30:00+00',60,'blocked','2025-12-20 10:00:00+00'),
(259,3,'2026-01-07 14:00:00+00','2026-01-07 15:30:00+00',90,'blocked','2025-12-20 10:00:00+00'),
(260,3,'2026-01-07 15:30:00+00','2026-01-07 16:45:00+00',75,'blocked','2025-12-20 10:00:00+00'),
(261,3,'2026-01-08 10:00:00+00','2026-01-08 11:30:00+00',90,'blocked','2025-12-20 10:00:00+00'),
(262,3,'2026-01-08 14:30:00+00','2026-01-08 15:30:00+00',60,'blocked','2025-12-20 10:00:00+00'),
(263,3,'2026-01-09 09:00:00+00','2026-01-09 10:00:00+00',60,'blocked','2025-12-20 10:00:00+00'),
(264,3,'2026-01-09 14:00:00+00','2026-01-09 15:30:00+00',90,'blocked','2025-12-20 10:00:00+00'),
(265,3,'2026-01-10 10:30:00+00','2026-01-10 11:30:00+00',60,'blocked','2025-12-20 10:00:00+00'),
(266,3,'2026-01-10 14:00:00+00','2026-01-10 15:30:00+00',90,'blocked','2025-12-20 10:00:00+00'),
(270,3,'2026-01-13 09:00:00+00','2026-01-13 10:30:00+00',90,'blocked','2026-01-05 10:00:00+00'),
(271,3,'2026-01-13 11:00:00+00','2026-01-13 12:00:00+00',60,'blocked','2026-01-05 10:00:00+00'),
(272,3,'2026-01-13 14:00:00+00','2026-01-13 15:30:00+00',90,'blocked','2026-01-05 10:00:00+00'),
(273,3,'2026-01-14 09:30:00+00','2026-01-14 10:30:00+00',60,'blocked','2026-01-05 10:00:00+00'),
(274,3,'2026-01-14 14:00:00+00','2026-01-14 15:15:00+00',75,'blocked','2026-01-05 10:00:00+00'),
(275,3,'2026-01-14 15:30:00+00','2026-01-14 16:30:00+00',60,'blocked','2026-01-05 10:00:00+00'),
(276,3,'2026-01-15 10:00:00+00','2026-01-15 11:30:00+00',90,'blocked','2026-01-05 10:00:00+00'),
(277,3,'2026-01-15 14:00:00+00','2026-01-15 15:00:00+00',60,'blocked','2026-01-05 10:00:00+00'),
(278,3,'2026-01-16 09:00:00+00','2026-01-16 10:30:00+00',90,'blocked','2026-01-05 10:00:00+00'),
(279,3,'2026-01-16 11:00:00+00','2026-01-16 12:15:00+00',75,'blocked','2026-01-05 10:00:00+00'),
(280,3,'2026-01-16 14:30:00+00','2026-01-16 15:30:00+00',60,'blocked','2026-01-05 10:00:00+00'),
(281,3,'2026-01-17 10:00:00+00','2026-01-17 11:00:00+00',60,'blocked','2026-01-05 10:00:00+00'),
(282,3,'2026-01-17 14:00:00+00','2026-01-17 15:30:00+00',90,'blocked','2026-01-05 10:00:00+00'),
(290,3,'2026-01-20 09:00:00+00','2026-01-20 10:00:00+00',60,'blocked','2026-01-12 10:00:00+00'),
(291,3,'2026-01-20 10:00:00+00','2026-01-20 11:30:00+00',90,'blocked','2026-01-12 10:00:00+00'),
(292,3,'2026-01-20 14:00:00+00','2026-01-20 15:00:00+00',60,'blocked','2026-01-12 10:00:00+00'),
(293,3,'2026-01-20 15:30:00+00','2026-01-20 16:30:00+00',60,'blocked','2026-01-12 10:00:00+00'),
(294,3,'2026-01-21 09:00:00+00','2026-01-21 10:15:00+00',75,'blocked','2026-01-12 10:00:00+00'),
(295,3,'2026-01-21 14:00:00+00','2026-01-21 15:30:00+00',90,'blocked','2026-01-12 10:00:00+00'),
(296,3,'2026-01-21 15:30:00+00','2026-01-21 16:30:00+00',60,'blocked','2026-01-12 10:00:00+00'),
(297,3,'2026-01-22 10:00:00+00','2026-01-22 11:00:00+00',60,'blocked','2026-01-12 10:00:00+00'),
(298,3,'2026-01-22 14:30:00+00','2026-01-22 16:00:00+00',90,'blocked','2026-01-12 10:00:00+00'),
(299,3,'2026-01-23 09:00:00+00','2026-01-23 10:30:00+00',90,'blocked','2026-01-12 10:00:00+00'),
(300,3,'2026-01-23 11:00:00+00','2026-01-23 12:00:00+00',60,'blocked','2026-01-12 10:00:00+00'),
(301,3,'2026-01-23 14:00:00+00','2026-01-23 15:15:00+00',75,'blocked','2026-01-12 10:00:00+00'),
(302,3,'2026-01-24 10:00:00+00','2026-01-24 11:00:00+00',60,'blocked','2026-01-12 10:00:00+00'),
(303,3,'2026-01-24 14:00:00+00','2026-01-24 15:30:00+00',90,'blocked','2026-01-12 10:00:00+00'),
-- Back to available
(350,3,'2026-01-27 09:00:00+00','2026-01-27 10:30:00+00',90,'available','2026-01-20 10:00:00+00'),
(351,3,'2026-01-27 14:00:00+00','2026-01-27 15:00:00+00',60,'available','2026-01-20 10:00:00+00'),
(352,3,'2026-01-27 15:30:00+00','2026-01-27 16:30:00+00',60,'available','2026-01-20 10:00:00+00'),
(353,3,'2026-01-28 10:00:00+00','2026-01-28 11:30:00+00',90,'available','2026-01-20 10:00:00+00'),
(354,3,'2026-01-28 14:00:00+00','2026-01-28 15:15:00+00',75,'available','2026-01-20 10:00:00+00'),
(355,3,'2026-01-29 09:00:00+00','2026-01-29 10:00:00+00',60,'available','2026-01-20 10:00:00+00'),
(356,3,'2026-01-29 14:30:00+00','2026-01-29 16:00:00+00',90,'available','2026-01-20 10:00:00+00'),
(357,3,'2026-01-30 09:00:00+00','2026-01-30 10:30:00+00',90,'available','2026-01-20 10:00:00+00'),
(358,3,'2026-01-30 14:00:00+00','2026-01-30 15:00:00+00',60,'available','2026-01-20 10:00:00+00'),
(359,3,'2026-01-31 10:00:00+00','2026-01-31 11:15:00+00',75,'available','2026-01-20 10:00:00+00'),
(360,3,'2026-01-31 14:00:00+00','2026-01-31 15:30:00+00',90,'available','2026-01-20 10:00:00+00'),
(361,3,'2026-02-01 10:00:00+00','2026-02-01 11:00:00+00',60,'available','2026-01-25 10:00:00+00'),
(400,3,'2026-02-03 09:00:00+00','2026-02-03 10:30:00+00',90,'available','2026-01-27 10:00:00+00'),
(401,3,'2026-02-03 14:00:00+00','2026-02-03 15:00:00+00',60,'available','2026-01-27 10:00:00+00'),
(402,3,'2026-02-03 15:30:00+00','2026-02-03 16:45:00+00',75,'available','2026-01-27 10:00:00+00'),
(403,3,'2026-02-04 10:00:00+00','2026-02-04 11:30:00+00',90,'available','2026-01-27 10:00:00+00'),
(404,3,'2026-02-04 14:30:00+00','2026-02-04 15:30:00+00',60,'available','2026-01-27 10:00:00+00'),
(405,3,'2026-02-05 09:00:00+00','2026-02-05 10:00:00+00',60,'available','2026-01-28 10:00:00+00'),
(406,3,'2026-02-05 14:00:00+00','2026-02-05 15:30:00+00',90,'available','2026-01-28 10:00:00+00'),
(407,3,'2026-02-05 15:30:00+00','2026-02-05 16:30:00+00',60,'available','2026-01-28 10:00:00+00'),
(412,3,'2026-02-10 10:00:00+00','2026-02-10 11:00:00+00',60,'available','2026-01-30 10:00:00+00'),
(413,3,'2026-02-10 14:30:00+00','2026-02-10 16:00:00+00',90,'available','2026-01-30 10:00:00+00'),
(414,3,'2026-02-11 09:00:00+00','2026-02-11 10:15:00+00',75,'available','2026-01-30 10:00:00+00'),
(415,3,'2026-02-11 14:00:00+00','2026-02-11 15:00:00+00',60,'available','2026-01-30 10:00:00+00'),
(416,3,'2026-02-12 10:00:00+00','2026-02-12 11:30:00+00',90,'available','2026-01-31 10:00:00+00'),
(417,3,'2026-02-12 14:00:00+00','2026-02-12 15:00:00+00',60,'available','2026-01-31 10:00:00+00'),
(423,3,'2026-02-03 10:30:00+00','2026-02-03 12:00:00+00',90,'available','2026-02-02 22:26:53+00'),
(424,3,'2026-02-03 14:00:00+00','2026-02-03 16:00:00+00',120,'available','2026-02-02 22:26:53+00'),
(425,3,'2026-02-03 16:30:00+00','2026-02-03 17:30:00+00',60,'available','2026-02-02 22:26:53+00'),
(426,3,'2026-02-04 09:00:00+00','2026-02-04 10:30:00+00',90,'available','2026-02-02 22:26:53+00'),
(427,3,'2026-02-04 11:00:00+00','2026-02-04 12:00:00+00',60,'available','2026-02-02 22:26:53+00'),
(428,3,'2026-02-04 14:00:00+00','2026-02-04 15:00:00+00',60,'available','2026-02-02 22:26:53+00'),
(429,3,'2026-02-04 15:30:00+00','2026-02-04 17:30:00+00',120,'available','2026-02-02 22:26:53+00'),
(430,3,'2026-02-05 09:00:00+00','2026-02-05 11:00:00+00',120,'available','2026-02-02 22:26:53+00'),
(431,3,'2026-02-05 11:30:00+00','2026-02-05 12:30:00+00',60,'available','2026-02-02 22:26:53+00'),
(432,3,'2026-02-05 14:00:00+00','2026-02-05 15:30:00+00',90,'available','2026-02-02 22:26:53+00'),
(433,3,'2026-02-05 16:00:00+00','2026-02-05 17:00:00+00',60,'available','2026-02-02 22:26:53+00'),
(442,3,'2026-02-08 10:00:00+00','2026-02-08 11:30:00+00',90,'available','2026-02-02 22:26:53+00'),
(443,3,'2026-02-08 12:00:00+00','2026-02-08 13:00:00+00',60,'available','2026-02-02 22:26:53+00'),
(444,3,'2026-02-08 14:00:00+00','2026-02-08 16:00:00+00',120,'available','2026-02-02 22:26:53+00'),
(445,3,'2026-02-08 16:30:00+00','2026-02-08 17:30:00+00',60,'available','2026-02-02 22:26:53+00'),
(446,3,'2026-02-09 10:00:00+00','2026-02-09 11:00:00+00',60,'available','2026-02-02 22:26:53+00'),
(447,3,'2026-02-09 11:30:00+00','2026-02-09 13:00:00+00',90,'available','2026-02-02 22:26:53+00'),
(448,3,'2026-02-09 14:00:00+00','2026-02-09 15:00:00+00',60,'available','2026-02-02 22:26:53+00'),
(449,3,'2026-02-09 15:30:00+00','2026-02-09 17:30:00+00',120,'available','2026-02-02 22:26:53+00'),
(450,3,'2026-02-10 09:00:00+00','2026-02-10 11:00:00+00',120,'available','2026-02-02 22:26:53+00'),
(451,3,'2026-02-10 11:30:00+00','2026-02-10 12:30:00+00',60,'available','2026-02-02 22:26:53+00'),
(452,3,'2026-02-10 14:00:00+00','2026-02-10 15:30:00+00',90,'available','2026-02-02 22:26:53+00'),
(453,3,'2026-02-10 16:00:00+00','2026-02-10 17:00:00+00',60,'available','2026-02-02 22:26:53+00'),
(454,3,'2026-02-11 09:00:00+00','2026-02-11 10:00:00+00',60,'available','2026-02-02 22:26:53+00'),
(455,3,'2026-02-11 10:30:00+00','2026-02-11 12:00:00+00',90,'available','2026-02-02 22:26:53+00'),
(456,3,'2026-02-11 14:00:00+00','2026-02-11 16:00:00+00',120,'available','2026-02-02 22:26:53+00'),
(457,3,'2026-02-11 16:30:00+00','2026-02-11 17:30:00+00',60,'available','2026-02-02 22:26:53+00'),
(458,3,'2026-02-12 09:00:00+00','2026-02-12 10:30:00+00',90,'available','2026-02-02 22:26:53+00'),
(459,3,'2026-02-12 11:00:00+00','2026-02-12 12:00:00+00',60,'available','2026-02-02 22:26:53+00'),
(460,3,'2026-02-12 14:00:00+00','2026-02-12 15:00:00+00',60,'available','2026-02-02 22:26:53+00'),
(461,3,'2026-02-12 15:30:00+00','2026-02-12 17:30:00+00',120,'available','2026-02-02 22:26:53+00'),
(470,3,'2026-02-15 10:00:00+00','2026-02-15 11:30:00+00',90,'available','2026-02-02 22:26:53+00'),
(471,3,'2026-02-15 12:00:00+00','2026-02-15 13:00:00+00',60,'available','2026-02-02 22:26:53+00'),
(472,3,'2026-02-15 14:00:00+00','2026-02-15 16:00:00+00',120,'booked','2026-02-02 22:26:53+00'),
(473,3,'2026-02-15 16:30:00+00','2026-02-15 17:30:00+00',60,'available','2026-02-02 22:26:53+00'),
(474,3,'2026-02-16 10:00:00+00','2026-02-16 11:00:00+00',60,'available','2026-02-02 22:26:53+00'),
(475,3,'2026-02-16 11:30:00+00','2026-02-16 13:00:00+00',90,'available','2026-02-02 22:26:53+00'),
(476,3,'2026-02-16 14:00:00+00','2026-02-16 15:00:00+00',60,'available','2026-02-02 22:26:53+00'),
(477,3,'2026-02-16 15:30:00+00','2026-02-16 17:30:00+00',120,'available','2026-02-02 22:26:53+00'),
(478,3,'2026-02-17 09:00:00+00','2026-02-17 11:00:00+00',120,'available','2026-02-02 22:26:53+00'),
(479,3,'2026-02-17 11:30:00+00','2026-02-17 12:30:00+00',60,'available','2026-02-02 22:26:53+00'),
(480,3,'2026-02-17 14:00:00+00','2026-02-17 15:30:00+00',90,'available','2026-02-02 22:26:53+00'),
(481,3,'2026-02-17 16:00:00+00','2026-02-17 17:00:00+00',60,'available','2026-02-02 22:26:53+00'),
(482,3,'2026-02-18 09:00:00+00','2026-02-18 10:00:00+00',60,'available','2026-02-02 22:26:53+00'),
(483,3,'2026-02-18 10:30:00+00','2026-02-18 12:00:00+00',90,'available','2026-02-02 22:26:53+00'),
(484,3,'2026-02-18 14:00:00+00','2026-02-18 16:00:00+00',120,'available','2026-02-02 22:26:53+00'),
(485,3,'2026-02-18 16:30:00+00','2026-02-18 17:30:00+00',60,'available','2026-02-02 22:26:53+00'),
(486,3,'2026-02-19 09:00:00+00','2026-02-19 10:30:00+00',90,'available','2026-02-02 22:26:53+00'),
(487,3,'2026-02-19 11:00:00+00','2026-02-19 12:00:00+00',60,'available','2026-02-02 22:26:53+00'),
(488,3,'2026-02-19 14:00:00+00','2026-02-19 15:00:00+00',60,'available','2026-02-02 22:26:53+00'),
(489,3,'2026-02-19 15:30:00+00','2026-02-19 17:30:00+00',120,'available','2026-02-02 22:26:53+00'),
(498,3,'2026-02-22 10:00:00+00','2026-02-22 11:30:00+00',90,'available','2026-02-02 22:26:53+00'),
(499,3,'2026-02-22 12:00:00+00','2026-02-22 13:00:00+00',60,'available','2026-02-02 22:26:53+00'),
(500,3,'2026-02-22 14:00:00+00','2026-02-22 16:00:00+00',120,'available','2026-02-02 22:26:53+00'),
(501,3,'2026-02-22 16:30:00+00','2026-02-22 17:30:00+00',60,'available','2026-02-02 22:26:53+00'),
(502,3,'2026-02-23 10:00:00+00','2026-02-23 11:00:00+00',60,'available','2026-02-02 22:26:53+00'),
(503,3,'2026-02-23 11:30:00+00','2026-02-23 13:00:00+00',90,'available','2026-02-02 22:26:53+00'),
(504,3,'2026-02-23 14:00:00+00','2026-02-23 15:00:00+00',60,'available','2026-02-02 22:26:53+00'),
(505,3,'2026-02-23 15:30:00+00','2026-02-23 17:30:00+00',120,'available','2026-02-02 22:26:53+00'),
(506,3,'2026-02-24 09:00:00+00','2026-02-24 11:00:00+00',120,'available','2026-02-02 22:26:53+00'),
(507,3,'2026-02-24 11:30:00+00','2026-02-24 12:30:00+00',60,'available','2026-02-02 22:26:53+00'),
(508,3,'2026-02-24 14:00:00+00','2026-02-24 15:30:00+00',90,'available','2026-02-02 22:26:53+00'),
(509,3,'2026-02-24 16:00:00+00','2026-02-24 17:00:00+00',60,'available','2026-02-02 22:26:53+00'),
(510,3,'2026-02-25 09:00:00+00','2026-02-25 10:00:00+00',60,'available','2026-02-02 22:26:53+00'),
(511,3,'2026-02-25 10:30:00+00','2026-02-25 12:00:00+00',90,'available','2026-02-02 22:26:53+00'),
(512,3,'2026-02-25 14:00:00+00','2026-02-25 16:00:00+00',120,'available','2026-02-02 22:26:53+00'),
(513,3,'2026-02-25 16:30:00+00','2026-02-25 17:30:00+00',60,'available','2026-02-02 22:26:53+00'),
(514,3,'2026-02-26 09:00:00+00','2026-02-26 10:30:00+00',90,'available','2026-02-02 22:26:53+00'),
(515,3,'2026-02-26 11:00:00+00','2026-02-26 12:00:00+00',60,'available','2026-02-02 22:26:53+00'),
(516,3,'2026-02-26 14:00:00+00','2026-02-26 15:00:00+00',60,'available','2026-02-02 22:26:53+00'),
(517,3,'2026-02-26 15:30:00+00','2026-02-26 17:30:00+00',120,'available','2026-02-02 22:26:53+00');

SELECT setval('slots_id_seq', (SELECT MAX(id) FROM slots));

-- ============================================================
-- 4. reservations (~130 rows, all pro_id=3)
-- Note: reservation_id dropped from reviews (not in PG schema)
-- ============================================================
INSERT INTO reservations (id, pro_id, client_id, prestation_id, slot_id, start_datetime, end_datetime, status, price, paid_online, payment_status, total_paid, deposit_amount, created_at)
OVERRIDING SYSTEM VALUE VALUES
(1,3,6,1,NULL,'2026-01-10 14:00:00+00','2026-01-10 15:30:00+00','completed',65.00,false,'unpaid',0.00,NULL,'2026-01-08 10:30:00+00'),
(2,3,6,2,NULL,'2026-01-17 10:00:00+00','2026-01-17 11:00:00+00','completed',45.00,true,'unpaid',0.00,NULL,'2026-01-15 16:20:00+00'),
(3,3,6,3,NULL,'2026-01-25 16:00:00+00','2026-01-25 16:45:00+00','completed',35.00,false,'unpaid',0.00,NULL,'2026-01-23 12:10:00+00'),
(4,3,6,5,NULL,'2026-02-05 14:30:00+00','2026-02-05 15:45:00+00','confirmed',50.00,true,'unpaid',0.00,NULL,'2026-02-01 09:15:00+00'),
(5,3,6,8,NULL,'2026-02-15 11:00:00+00','2026-02-15 12:30:00+00','confirmed',60.00,true,'unpaid',0.00,NULL,'2026-02-01 10:45:00+00'),
(6,3,6,6,NULL,'2026-01-20 15:00:00+00','2026-01-20 16:30:00+00','cancelled',75.00,false,'unpaid',0.00,NULL,'2026-01-18 14:00:00+00'),
(7,3,7,1,NULL,'2026-02-01 09:00:00+00','2026-02-01 10:30:00+00','confirmed',65.00,true,'unpaid',0.00,NULL,'2026-01-30 14:00:00+00'),
(8,3,8,2,NULL,'2026-02-01 11:00:00+00','2026-02-01 12:00:00+00','confirmed',45.00,true,'unpaid',0.00,NULL,'2026-01-30 15:30:00+00'),
(9,3,9,4,NULL,'2026-02-02 10:00:00+00','2026-02-02 10:30:00+00','confirmed',25.00,false,'unpaid',0.00,NULL,'2026-02-01 08:00:00+00'),
(10,3,7,5,NULL,'2026-02-02 14:00:00+00','2026-02-02 15:15:00+00','confirmed',50.00,true,'unpaid',0.00,NULL,'2026-01-31 16:00:00+00'),
(11,3,8,6,NULL,'2026-02-03 15:30:00+00','2026-02-03 17:00:00+00','confirmed',75.00,true,'unpaid',0.00,NULL,'2026-01-29 10:00:00+00'),
(12,3,9,7,NULL,'2026-02-04 09:30:00+00','2026-02-04 10:30:00+00','confirmed',40.00,false,'unpaid',0.00,NULL,'2026-01-28 12:00:00+00'),
(13,3,7,8,NULL,'2026-02-08 14:00:00+00','2026-02-08 15:30:00+00','confirmed',60.00,true,'unpaid',0.00,NULL,'2026-02-01 11:00:00+00'),
(14,3,8,1,NULL,'2026-02-10 11:00:00+00','2026-02-10 12:30:00+00','confirmed',65.00,true,'unpaid',0.00,NULL,'2026-01-31 09:00:00+00'),
(100,3,20,1,NULL,'2025-12-02 09:00:00+00','2025-12-02 10:30:00+00','completed',65.00,true,'unpaid',0.00,NULL,'2025-11-28 10:00:00+00'),
(101,3,21,2,NULL,'2025-12-02 10:30:00+00','2025-12-02 11:30:00+00','completed',45.00,true,'unpaid',0.00,NULL,'2025-11-29 14:00:00+00'),
(102,3,22,1,NULL,'2025-12-02 14:00:00+00','2025-12-02 15:30:00+00','completed',65.00,false,'unpaid',0.00,NULL,'2025-11-30 09:00:00+00'),
(103,3,23,2,NULL,'2025-12-03 09:00:00+00','2025-12-03 10:00:00+00','completed',45.00,true,'unpaid',0.00,NULL,'2025-12-01 11:00:00+00'),
(104,3,24,1,NULL,'2025-12-03 14:00:00+00','2025-12-03 15:30:00+00','completed',65.00,true,'unpaid',0.00,NULL,'2025-12-01 15:00:00+00'),
(105,3,25,2,NULL,'2025-12-03 15:30:00+00','2025-12-03 16:30:00+00','completed',45.00,false,'unpaid',0.00,NULL,'2025-12-02 10:00:00+00'),
(106,3,26,1,NULL,'2025-12-05 10:00:00+00','2025-12-05 11:30:00+00','completed',65.00,true,'unpaid',0.00,NULL,'2025-12-03 12:00:00+00'),
(107,3,27,2,NULL,'2025-12-05 14:30:00+00','2025-12-05 15:30:00+00','completed',45.00,true,'unpaid',0.00,NULL,'2025-12-04 09:00:00+00'),
(108,3,28,1,NULL,'2025-12-06 09:00:00+00','2025-12-06 10:30:00+00','completed',65.00,false,'unpaid',0.00,NULL,'2025-12-04 14:00:00+00'),
(109,3,29,2,NULL,'2025-12-06 11:00:00+00','2025-12-06 12:00:00+00','completed',45.00,true,'unpaid',0.00,NULL,'2025-12-05 10:00:00+00'),
(110,3,30,1,NULL,'2025-12-09 09:00:00+00','2025-12-09 10:30:00+00','completed',65.00,true,'unpaid',0.00,NULL,'2025-12-06 11:00:00+00'),
(111,3,31,2,NULL,'2025-12-09 14:00:00+00','2025-12-09 15:00:00+00','completed',45.00,false,'unpaid',0.00,NULL,'2025-12-07 09:00:00+00'),
(112,3,32,1,NULL,'2025-12-10 10:00:00+00','2025-12-10 11:30:00+00','completed',65.00,true,'unpaid',0.00,NULL,'2025-12-08 14:00:00+00'),
(113,3,33,5,NULL,'2025-12-10 14:30:00+00','2025-12-10 15:45:00+00','completed',50.00,true,'unpaid',0.00,NULL,'2025-12-09 10:00:00+00'),
(114,3,34,2,NULL,'2025-12-12 09:00:00+00','2025-12-12 10:00:00+00','completed',45.00,false,'unpaid',0.00,NULL,'2025-12-10 11:00:00+00'),
(115,3,35,1,NULL,'2025-12-12 14:00:00+00','2025-12-12 15:30:00+00','completed',65.00,true,'unpaid',0.00,NULL,'2025-12-11 09:00:00+00'),
(116,3,36,2,NULL,'2025-12-13 10:30:00+00','2025-12-13 11:30:00+00','completed',45.00,true,'unpaid',0.00,NULL,'2025-12-11 14:00:00+00'),
(117,3,37,1,NULL,'2025-12-13 15:00:00+00','2025-12-13 16:30:00+00','completed',65.00,false,'unpaid',0.00,NULL,'2025-12-12 10:00:00+00'),
(150,3,38,1,NULL,'2026-01-02 09:00:00+00','2026-01-02 10:30:00+00','completed',65.00,true,'unpaid',0.00,NULL,'2025-12-28 10:00:00+00'),
(151,3,39,2,NULL,'2026-01-02 14:00:00+00','2026-01-02 15:00:00+00','completed',45.00,false,'unpaid',0.00,NULL,'2025-12-29 14:00:00+00'),
(152,3,40,1,NULL,'2026-01-02 15:00:00+00','2026-01-02 16:30:00+00','completed',65.00,true,'unpaid',0.00,NULL,'2025-12-30 09:00:00+00'),
(153,3,41,5,NULL,'2026-01-03 10:00:00+00','2026-01-03 11:15:00+00','completed',50.00,true,'unpaid',0.00,NULL,'2025-12-31 11:00:00+00'),
(154,3,42,2,NULL,'2026-01-03 14:30:00+00','2026-01-03 15:30:00+00','completed',45.00,false,'unpaid',0.00,NULL,'2026-01-02 10:00:00+00'),
(155,3,43,1,NULL,'2026-01-06 09:00:00+00','2026-01-06 10:30:00+00','completed',65.00,true,'unpaid',0.00,NULL,'2026-01-03 14:00:00+00'),
(156,3,44,2,NULL,'2026-01-06 11:00:00+00','2026-01-06 12:00:00+00','completed',45.00,true,'unpaid',0.00,NULL,'2026-01-04 09:00:00+00'),
(157,3,20,1,NULL,'2026-01-06 14:00:00+00','2026-01-06 15:30:00+00','completed',65.00,false,'unpaid',0.00,NULL,'2026-01-04 15:00:00+00'),
(158,3,21,2,NULL,'2026-01-07 09:30:00+00','2026-01-07 10:30:00+00','completed',45.00,true,'unpaid',0.00,NULL,'2026-01-05 10:00:00+00'),
(159,3,22,1,NULL,'2026-01-07 14:00:00+00','2026-01-07 15:30:00+00','completed',65.00,true,'unpaid',0.00,NULL,'2026-01-05 14:00:00+00'),
(160,3,23,5,NULL,'2026-01-07 15:30:00+00','2026-01-07 16:45:00+00','completed',50.00,false,'unpaid',0.00,NULL,'2026-01-06 09:00:00+00'),
(161,3,24,1,NULL,'2026-01-08 10:00:00+00','2026-01-08 11:30:00+00','completed',65.00,true,'unpaid',0.00,NULL,'2026-01-06 15:00:00+00'),
(162,3,25,2,NULL,'2026-01-08 14:30:00+00','2026-01-08 15:30:00+00','completed',45.00,true,'unpaid',0.00,NULL,'2026-01-07 10:00:00+00'),
(163,3,26,2,NULL,'2026-01-09 09:00:00+00','2026-01-09 10:00:00+00','completed',45.00,false,'unpaid',0.00,NULL,'2026-01-07 14:00:00+00'),
(164,3,27,1,NULL,'2026-01-09 14:00:00+00','2026-01-09 15:30:00+00','completed',65.00,true,'unpaid',0.00,NULL,'2026-01-08 09:00:00+00'),
(165,3,28,2,NULL,'2026-01-10 10:30:00+00','2026-01-10 11:30:00+00','completed',45.00,true,'unpaid',0.00,NULL,'2026-01-08 14:00:00+00'),
(166,3,29,1,NULL,'2026-01-10 14:00:00+00','2026-01-10 15:30:00+00','completed',65.00,false,'unpaid',0.00,NULL,'2026-01-09 10:00:00+00'),
(170,3,30,1,NULL,'2026-01-13 09:00:00+00','2026-01-13 10:30:00+00','completed',65.00,true,'unpaid',0.00,NULL,'2026-01-10 11:00:00+00'),
(171,3,31,2,NULL,'2026-01-13 11:00:00+00','2026-01-13 12:00:00+00','completed',45.00,true,'unpaid',0.00,NULL,'2026-01-11 09:00:00+00'),
(172,3,32,1,NULL,'2026-01-13 14:00:00+00','2026-01-13 15:30:00+00','completed',65.00,false,'unpaid',0.00,NULL,'2026-01-11 14:00:00+00'),
(173,3,33,2,NULL,'2026-01-14 09:30:00+00','2026-01-14 10:30:00+00','completed',45.00,true,'unpaid',0.00,NULL,'2026-01-12 10:00:00+00'),
(174,3,34,5,NULL,'2026-01-14 14:00:00+00','2026-01-14 15:15:00+00','completed',50.00,true,'unpaid',0.00,NULL,'2026-01-12 15:00:00+00'),
(175,3,35,2,NULL,'2026-01-14 15:30:00+00','2026-01-14 16:30:00+00','completed',45.00,false,'unpaid',0.00,NULL,'2026-01-13 09:00:00+00'),
(176,3,36,1,NULL,'2026-01-15 10:00:00+00','2026-01-15 11:30:00+00','completed',65.00,true,'unpaid',0.00,NULL,'2026-01-13 14:00:00+00'),
(177,3,37,2,NULL,'2026-01-15 14:00:00+00','2026-01-15 15:00:00+00','completed',45.00,true,'unpaid',0.00,NULL,'2026-01-14 10:00:00+00'),
(178,3,38,1,NULL,'2026-01-16 09:00:00+00','2026-01-16 10:30:00+00','completed',65.00,false,'unpaid',0.00,NULL,'2026-01-14 15:00:00+00'),
(179,3,39,5,NULL,'2026-01-16 11:00:00+00','2026-01-16 12:15:00+00','completed',50.00,true,'unpaid',0.00,NULL,'2026-01-15 09:00:00+00'),
(180,3,40,2,NULL,'2026-01-16 14:30:00+00','2026-01-16 15:30:00+00','completed',45.00,true,'unpaid',0.00,NULL,'2026-01-15 14:00:00+00'),
(181,3,41,2,NULL,'2026-01-17 10:00:00+00','2026-01-17 11:00:00+00','completed',45.00,false,'unpaid',0.00,NULL,'2026-01-16 10:00:00+00'),
(182,3,42,1,NULL,'2026-01-17 14:00:00+00','2026-01-17 15:30:00+00','completed',65.00,true,'unpaid',0.00,NULL,'2026-01-16 15:00:00+00'),
(190,3,43,2,NULL,'2026-01-20 09:00:00+00','2026-01-20 10:00:00+00','completed',45.00,true,'unpaid',0.00,NULL,'2026-01-17 10:00:00+00'),
(191,3,44,1,NULL,'2026-01-20 10:00:00+00','2026-01-20 11:30:00+00','completed',65.00,false,'unpaid',0.00,NULL,'2026-01-17 14:00:00+00'),
(192,3,20,2,NULL,'2026-01-20 14:00:00+00','2026-01-20 15:00:00+00','completed',45.00,true,'unpaid',0.00,NULL,'2026-01-18 09:00:00+00'),
(193,3,21,2,NULL,'2026-01-20 15:30:00+00','2026-01-20 16:30:00+00','completed',45.00,true,'unpaid',0.00,NULL,'2026-01-18 14:00:00+00'),
(194,3,22,5,NULL,'2026-01-21 09:00:00+00','2026-01-21 10:15:00+00','completed',50.00,false,'unpaid',0.00,NULL,'2026-01-19 10:00:00+00'),
(195,3,23,1,NULL,'2026-01-21 14:00:00+00','2026-01-21 15:30:00+00','completed',65.00,true,'unpaid',0.00,NULL,'2026-01-19 15:00:00+00'),
(196,3,24,2,NULL,'2026-01-21 15:30:00+00','2026-01-21 16:30:00+00','completed',45.00,true,'unpaid',0.00,NULL,'2026-01-20 09:00:00+00'),
(197,3,25,2,NULL,'2026-01-22 10:00:00+00','2026-01-22 11:00:00+00','completed',45.00,false,'unpaid',0.00,NULL,'2026-01-20 14:00:00+00'),
(198,3,26,1,NULL,'2026-01-22 14:30:00+00','2026-01-22 16:00:00+00','completed',65.00,true,'unpaid',0.00,NULL,'2026-01-21 10:00:00+00'),
(199,3,27,1,NULL,'2026-01-23 09:00:00+00','2026-01-23 10:30:00+00','completed',65.00,true,'unpaid',0.00,NULL,'2026-01-21 15:00:00+00'),
(200,3,28,2,NULL,'2026-01-23 11:00:00+00','2026-01-23 12:00:00+00','completed',45.00,false,'unpaid',0.00,NULL,'2026-01-22 09:00:00+00'),
(201,3,29,5,NULL,'2026-01-23 14:00:00+00','2026-01-23 15:15:00+00','completed',50.00,true,'unpaid',0.00,NULL,'2026-01-22 14:00:00+00'),
(202,3,30,2,NULL,'2026-01-24 10:00:00+00','2026-01-24 11:00:00+00','completed',45.00,true,'unpaid',0.00,NULL,'2026-01-23 10:00:00+00'),
(203,3,31,1,NULL,'2026-01-24 14:00:00+00','2026-01-24 15:30:00+00','completed',65.00,false,'unpaid',0.00,NULL,'2026-01-23 15:00:00+00'),
(250,3,32,1,NULL,'2026-01-27 09:00:00+00','2026-01-27 10:30:00+00','completed',65.00,true,'unpaid',0.00,NULL,'2026-01-24 10:00:00+00'),
(251,3,33,2,NULL,'2026-01-27 14:00:00+00','2026-01-27 15:00:00+00','completed',45.00,false,'unpaid',0.00,NULL,'2026-01-24 15:00:00+00'),
(252,3,34,2,NULL,'2026-01-27 15:30:00+00','2026-01-27 16:30:00+00','completed',45.00,true,'unpaid',0.00,NULL,'2026-01-25 09:00:00+00'),
(253,3,35,1,NULL,'2026-01-28 10:00:00+00','2026-01-28 11:30:00+00','completed',65.00,true,'unpaid',0.00,NULL,'2026-01-25 14:00:00+00'),
(254,3,36,5,NULL,'2026-01-28 14:00:00+00','2026-01-28 15:15:00+00','completed',50.00,false,'unpaid',0.00,NULL,'2026-01-26 10:00:00+00'),
(255,3,37,2,NULL,'2026-01-29 09:00:00+00','2026-01-29 10:00:00+00','completed',45.00,true,'unpaid',0.00,NULL,'2026-01-26 15:00:00+00'),
(256,3,38,1,NULL,'2026-01-29 14:30:00+00','2026-01-29 16:00:00+00','completed',65.00,true,'unpaid',0.00,NULL,'2026-01-27 09:00:00+00'),
(257,3,39,1,NULL,'2026-01-30 09:00:00+00','2026-01-30 10:30:00+00','completed',65.00,false,'unpaid',0.00,NULL,'2026-01-27 14:00:00+00'),
(258,3,40,2,NULL,'2026-01-30 14:00:00+00','2026-01-30 15:00:00+00','completed',45.00,true,'unpaid',0.00,NULL,'2026-01-28 10:00:00+00'),
(259,3,41,5,NULL,'2026-01-31 10:00:00+00','2026-01-31 11:15:00+00','completed',50.00,true,'unpaid',0.00,NULL,'2026-01-28 15:00:00+00'),
(260,3,42,1,NULL,'2026-01-31 14:00:00+00','2026-01-31 15:30:00+00','completed',65.00,false,'unpaid',0.00,NULL,'2026-01-29 10:00:00+00'),
(261,3,6,2,NULL,'2026-02-01 10:00:00+00','2026-02-01 11:00:00+00','confirmed',45.00,true,'unpaid',0.00,NULL,'2026-01-29 15:00:00+00'),
(300,3,43,1,NULL,'2026-02-03 09:00:00+00','2026-02-03 10:30:00+00','confirmed',65.00,true,'unpaid',0.00,NULL,'2026-01-30 10:00:00+00'),
(301,3,44,2,NULL,'2026-02-03 14:00:00+00','2026-02-03 15:00:00+00','confirmed',45.00,false,'unpaid',0.00,NULL,'2026-01-30 14:00:00+00'),
(302,3,20,5,NULL,'2026-02-03 15:30:00+00','2026-02-03 16:45:00+00','confirmed',50.00,true,'unpaid',0.00,NULL,'2026-01-31 09:00:00+00'),
(303,3,21,1,NULL,'2026-02-04 10:00:00+00','2026-02-04 11:30:00+00','confirmed',65.00,true,'unpaid',0.00,NULL,'2026-01-31 14:00:00+00'),
(304,3,22,2,NULL,'2026-02-04 14:30:00+00','2026-02-04 15:30:00+00','confirmed',45.00,false,'unpaid',0.00,NULL,'2026-02-01 09:00:00+00'),
(305,3,23,2,NULL,'2026-02-05 09:00:00+00','2026-02-05 10:00:00+00','confirmed',45.00,true,'unpaid',0.00,NULL,'2026-02-01 10:00:00+00'),
(306,3,24,1,NULL,'2026-02-05 14:00:00+00','2026-02-05 15:30:00+00','confirmed',65.00,true,'unpaid',0.00,NULL,'2026-02-01 11:00:00+00'),
(307,3,25,5,NULL,'2026-02-06 10:00:00+00','2026-02-06 11:15:00+00','confirmed',50.00,false,'unpaid',0.00,NULL,'2026-02-01 12:00:00+00'),
(308,3,26,1,NULL,'2026-02-06 14:00:00+00','2026-02-06 15:30:00+00','confirmed',65.00,true,'unpaid',0.00,NULL,'2026-02-01 13:00:00+00'),
(309,3,27,1,NULL,'2026-02-07 09:00:00+00','2026-02-07 10:30:00+00','confirmed',65.00,true,'unpaid',0.00,NULL,'2026-02-01 14:00:00+00'),
(310,3,28,2,NULL,'2026-02-10 10:00:00+00','2026-02-10 11:00:00+00','confirmed',45.00,false,'unpaid',0.00,NULL,'2026-02-01 15:00:00+00'),
(311,3,29,1,NULL,'2026-02-10 14:30:00+00','2026-02-10 16:00:00+00','confirmed',65.00,true,'unpaid',0.00,NULL,'2026-02-01 16:00:00+00'),
(312,3,30,5,NULL,'2026-02-11 09:00:00+00','2026-02-11 10:15:00+00','confirmed',50.00,true,'unpaid',0.00,NULL,'2026-02-01 16:30:00+00'),
(313,3,31,2,NULL,'2026-02-11 14:00:00+00','2026-02-11 15:00:00+00','confirmed',45.00,false,'unpaid',0.00,NULL,'2026-02-01 16:45:00+00'),
(314,3,32,1,NULL,'2026-02-12 10:00:00+00','2026-02-12 11:30:00+00','confirmed',65.00,true,'unpaid',0.00,NULL,'2026-02-01 17:00:00+00'),
(315,3,33,2,NULL,'2026-02-13 09:30:00+00','2026-02-13 10:30:00+00','confirmed',45.00,true,'unpaid',0.00,NULL,'2026-02-01 17:15:00+00'),
(316,3,34,1,NULL,'2026-02-13 14:00:00+00','2026-02-13 15:30:00+00','confirmed',65.00,false,'unpaid',0.00,NULL,'2026-02-01 17:30:00+00'),
(317,3,6,8,NULL,'2026-02-16 09:00:00+00','2026-02-16 10:30:00+00','cancelled',60.00,false,'unpaid',0.00,30.00,'2026-02-14 12:49:06+00'),
(318,3,6,8,NULL,'2026-02-16 11:00:00+00','2026-02-16 12:30:00+00','cancelled',60.00,false,'unpaid',0.00,30.00,'2026-02-14 12:52:20+00'),
(319,3,6,6,NULL,'2026-02-16 13:00:00+00','2026-02-16 14:30:00+00','cancelled',75.00,false,'unpaid',0.00,NULL,'2026-02-14 16:39:50+00'),
(320,3,6,8,NULL,'2026-02-16 15:30:00+00','2026-02-16 17:00:00+00','cancelled',60.00,false,'unpaid',0.00,NULL,'2026-02-14 16:41:57+00'),
(321,3,6,8,NULL,'2026-02-17 09:00:00+00','2026-02-17 10:30:00+00','cancelled',60.00,false,'unpaid',0.00,NULL,'2026-02-14 16:43:21+00'),
(322,3,6,8,NULL,'2026-02-17 10:30:00+00','2026-02-17 12:00:00+00','cancelled',60.00,false,'unpaid',0.00,NULL,'2026-02-14 16:44:39+00'),
(323,3,6,8,NULL,'2026-02-17 13:00:00+00','2026-02-17 14:30:00+00','cancelled',60.00,false,'unpaid',0.00,NULL,'2026-02-14 16:45:59+00'),
(324,3,6,8,477,'2026-02-17 14:30:00+00','2026-02-17 16:00:00+00','cancelled',60.00,false,'unpaid',0.00,NULL,'2026-02-14 17:15:05+00'),
(325,3,6,8,470,'2026-02-16 09:00:00+00','2026-02-16 10:30:00+00','cancelled',60.00,false,'unpaid',0.00,NULL,'2026-02-14 17:19:59+00'),
(326,3,6,6,472,'2026-02-16 13:00:00+00','2026-02-16 14:30:00+00','confirmed',75.00,false,'unpaid',0.00,NULL,'2026-02-15 21:47:46+00');

SELECT setval('reservations_id_seq', (SELECT MAX(id) FROM reservations));

-- ============================================================
-- 5. reviews (17 rows — dédupliqués par (client_id, pro_id), dernière review conservée)
-- Note: reservation_id not in PG reviews table (dropped)
-- Doublons supprimés: IDs 1,2 (→3), 10 (→19), 12 (→20), 13,21 (→27), 14 (→22)
-- ============================================================
INSERT INTO reviews (id, client_id, pro_id, rating, comment, created_at)
OVERRIDING SYSTEM VALUE VALUES
(3,6,3,4,'Très bon service, juste un tout petit peu d attente mais résultat nickel','2026-01-25 17:30:00+00'),
(4,7,3,5,'Au top comme d habitude ! Ongle parfaitement réalisés 💖','2026-02-01 10:45:00+00'),
(5,8,3,5,'Super prestation, ambiance agréable et résultat impeccable','2026-02-01 12:15:00+00'),
(11,22,3,5,'Toujours au top, je recommande','2025-12-02 16:00:00+00'),
(15,32,3,5,'Rendu magnifique, merci Noah !','2025-12-10 12:00:00+00'),
(16,35,3,4,'Bon travail, ambiance sympa','2025-12-12 16:00:00+00'),
(17,38,3,5,'Parfait, je reviendrai','2026-01-02 11:00:00+00'),
(18,43,3,5,'Excellente expérience ! ✨','2026-01-06 11:00:00+00'),
(19,20,3,5,'Toujours aussi bien','2026-01-06 16:00:00+00'),
(20,24,3,5,'Top qualité','2026-01-08 12:00:00+00'),
(22,30,3,4,'Très bon rendu','2026-01-13 11:00:00+00'),
(23,36,3,5,'Magnifique comme toujours !','2026-01-15 12:00:00+00'),
(24,42,3,5,'Super pro et résultat parfait','2026-01-17 16:00:00+00'),
(25,44,3,5,'Je recommande à 100%','2026-01-20 12:00:00+00'),
(26,23,3,4,'Très satisfaite','2026-01-21 16:00:00+00'),
(27,27,3,5,'Toujours impeccable','2026-01-23 11:00:00+00'),
(28,31,3,5,'Rendu superbe, merci !','2026-01-24 16:00:00+00');

SELECT setval('reviews_id_seq', (SELECT MAX(id) FROM reviews));

-- ============================================================
-- 6. subscriptions (18 rows, all client_id=3 = Noah the pro)
-- Note: MySQL 'expired' status → 'cancelled' (none in this dataset)
-- ============================================================
INSERT INTO subscriptions (id, client_id, plan, billing_type, monthly_price, total_price, commitment_months, start_date, end_date, status, payment_id, created_at)
OVERRIDING SYSTEM VALUE VALUES
(1,3,'start','monthly',49.90,598.80,12,'2026-01-12','2027-01-12','cancelled',NULL,'2026-01-12 21:27:23+00'),
(2,3,'start','monthly',34.90,NULL,NULL,'2026-01-12',NULL,'cancelled',NULL,'2026-01-12 22:36:01+00'),
(3,3,'serenite','one_time',29.90,79.90,3,'2026-01-15','2026-04-15','cancelled',NULL,'2026-01-15 17:20:02+00'),
(4,3,'signature','one_time',24.90,249.00,12,'2026-01-15','2027-01-15','cancelled',NULL,'2026-01-15 17:31:40+00'),
(5,3,'signature','one_time',24.90,249.00,12,'2026-01-15','2027-01-15','cancelled',NULL,'2026-01-15 17:32:49+00'),
(6,3,'signature','one_time',24.90,249.00,12,'2026-01-15','2027-01-15','cancelled',NULL,'2026-01-15 17:33:54+00'),
(7,3,'signature','one_time',249.00,249.00,12,'2026-01-15','2027-01-15','cancelled',NULL,'2026-01-15 18:27:41+00'),
(8,3,'signature','one_time',249.00,249.00,12,'2026-01-15','2027-01-15','cancelled',NULL,'2026-01-15 18:29:52+00'),
(9,3,'signature','monthly',24.90,NULL,12,'2026-01-15',NULL,'cancelled',NULL,'2026-01-15 18:32:58+00'),
(10,3,'signature','one_time',249.00,249.00,12,'2026-01-15','2027-01-15','cancelled',NULL,'2026-01-15 18:59:31+00'),
(11,3,'signature','one_time',249.00,249.00,12,'2026-01-15','2027-01-15','cancelled','pay_1768511183577_lilw5r4f0','2026-01-15 21:06:23+00'),
(12,3,'signature','one_time',24.90,249.00,12,'2026-01-15','2027-01-15','cancelled','pay_1768512263420_6cxg5aerj','2026-01-15 21:24:23+00'),
(13,3,'serenite','one_time',29.90,79.90,3,'2026-01-16','2026-04-16','cancelled','pay_1768596639782_ayzzkelvw','2026-01-16 20:50:39+00'),
(14,3,'signature','one_time',24.90,249.00,12,'2026-01-16','2027-01-16','cancelled','pay_1768596880557_pgdxoxvyi','2026-01-16 20:54:40+00'),
(15,3,'start','monthly',34.90,NULL,NULL,'2026-01-16',NULL,'cancelled','pay_1768597933914_i51d870da','2026-01-16 21:12:13+00'),
(16,3,'signature','one_time',24.90,249.00,12,'2026-01-16','2027-01-16','cancelled','pay_1768598514137_mtede7qwp','2026-01-16 21:21:54+00'),
(17,3,'serenite','one_time',29.90,79.90,3,'2026-01-16','2026-04-16','cancelled','pay_1768603394096_g2bdjw9gs','2026-01-16 22:43:14+00'),
(18,3,'signature','one_time',24.90,249.00,12,'2026-01-23','2027-01-17','active','pay_1768683854700_6qxa5qajb','2026-01-17 21:04:14+00');

SELECT setval('subscriptions_id_seq', (SELECT MAX(id) FROM subscriptions));

-- ============================================================
-- 7. favorites (2 rows)
-- ============================================================
INSERT INTO favorites (id, client_id, pro_id, created_at)
OVERRIDING SYSTEM VALUE VALUES
(3,3,3,'2026-02-02 21:02:49+00'),
(4,6,3,'2026-02-02 22:51:09+00');

SELECT setval('favorites_id_seq', (SELECT MAX(id) FROM favorites));

-- ============================================================
-- 8. notifications (23 rows)
-- ============================================================
INSERT INTO notifications (id, user_id, type, title, message, data, is_read, created_at)
OVERRIDING SYSTEM VALUE VALUES
(1,3,'new_booking','Nouvelle réservation','Tu as une nouvelle réservation pour [date] à [heure]',NULL,true,'2026-01-24 16:38:15+00'),
(2,6,'booking_reminder','Rappel de rendez-vous','N''oublie pas ton RDV demain à [heure]',NULL,true,'2026-01-24 16:39:41+00'),
(3,6,'late_alert','Alerte retard','Noah t''informe d''un léger retard',NULL,true,'2026-01-24 16:42:45+00'),
(4,6,'promotional','Offre spéciale','-20% sur ta prochaine prestation ! 💅',NULL,true,'2026-01-24 16:45:25+00'),
(5,6,'booking_reminder','Rappel de rendez-vous','N''oublie pas ton RDV demain à 11h',NULL,true,'2026-01-24 17:00:55+00'),
(6,6,'booking_reminder','Rappel de rendez-vous','N''oublie pas ton RDV demain à 8h',NULL,true,'2026-01-24 17:05:24+00'),
(7,6,'promotional','Offre spéciale','-20% sur ta prochaine prestation ! 💅',NULL,true,'2026-01-24 17:06:27+00'),
(8,6,'booking_reminder','Rappel de rendez-vous','N''oublie pas ton RDV demain à [heure]',NULL,true,'2026-01-24 17:20:07+00'),
(9,6,'booking_reminder','Rappel de rendez-vous','N''oublie pas ton RDV demain à 10h',NULL,true,'2026-01-25 23:04:41+00'),
(10,6,'late_alert','Alerte retard','Noah t''informe que tu as un retard de 10 min',NULL,true,'2026-01-26 21:52:20+00'),
(11,6,'booking_confirmed','Réservation confirmée','Ta réservation pour 27/01 est confirmée',NULL,true,'2026-01-26 21:52:39+00'),
(12,6,'promotional','Offre spéciale','-20% sur ta prochaine prestation ! 💅',NULL,true,'2026-01-26 21:52:44+00'),
(13,6,'booking_reminder','Rappel de rendez-vous','N''oublie pas ton RDV demain à 10h',NULL,true,'2026-01-26 21:52:52+00'),
(14,3,'booking_cancelled','Réservation modifiée','Une réservation a été modifiée ou annulée',NULL,true,'2026-01-26 21:53:51+00'),
(15,3,'payment_received','Paiement reçu','Un paiement de 1,5k€ a été reçu',NULL,true,'2026-01-26 21:54:02+00'),
(16,3,'activity_summary','Résumé de la journée','Tu as eu 67 réservations aujourd''hui',NULL,true,'2026-01-26 21:54:15+00'),
(17,6,'booking_reminder','Rappel de rendez-vous','N''oublie pas ton RDV demain à 8h',NULL,true,'2026-02-01 17:27:44+00'),
(18,6,'late_alert','Alerte retard','Ton pro t''informe d''un léger retard',NULL,true,'2026-02-01 17:28:59+00'),
(19,6,'message_received','Nouveau message','Tu as reçu un nouveau message',NULL,true,'2026-02-02 07:34:48+00'),
(20,6,'late_alert','Alerte retard','Ton pro t''informe d''un léger retard',NULL,true,'2026-02-02 12:53:46+00'),
(21,6,'booking_reminder','Rappel de rendez-vous','N''oublie pas ton RDV demain à 9h',NULL,true,'2026-02-02 20:53:31+00'),
(22,6,'late_alert','Alerte retard','Ton pro t''informe d''un léger retard',NULL,false,'2026-02-15 15:42:00+00'),
(23,3,'booking_reminder','Rappel de rendez-vous','N''oublie pas ton RDV demain à [heure]',NULL,true,'2026-02-15 15:42:52+00');

SELECT setval('notifications_id_seq', (SELECT MAX(id) FROM notifications));

-- ============================================================
-- 9. client_notification_settings (2 rows)
-- ============================================================
INSERT INTO client_notification_settings (id, user_id, reminders, changes, messages, late, offers, email_summary, created_at)
OVERRIDING SYSTEM VALUE VALUES
(1,6,true,true,true,true,true,false,'2026-01-19 20:34:26+00'),
(3,12,true,true,true,true,true,false,'2026-01-25 21:01:03+00');

SELECT setval('client_notification_settings_id_seq', (SELECT MAX(id) FROM client_notification_settings));

-- ============================================================
-- 10. pro_notification_settings (1 row)
-- Note: PG table has id SERIAL (auto-generated)
-- ============================================================
INSERT INTO pro_notification_settings (user_id, new_reservation, cancel_change, daily_reminder, client_message, payment_alert, activity_summary, created_at)
VALUES (3,true,true,true,true,true,false,'2026-01-16 22:23:51+00');

-- ============================================================
-- 11. pro_client_notes (3 rows)
-- ============================================================
INSERT INTO pro_client_notes (pro_id, client_id, notes)
VALUES
(3,6,'Client fidèle et ponctuel. Préfère les teintes naturelles. Aime bien discuter de sport pendant la pose 😊'),
(3,9,'Allergies au Chablon'),
(3,33,'');

-- ============================================================
-- 12. payments (7 rows)
-- ============================================================
INSERT INTO payments (id, reservation_id, client_id, pro_id, type, amount, stripe_payment_intent_id, status, created_at)
OVERRIDING SYSTEM VALUE VALUES
(1,319,6,3,'deposit',75.00,'pi_3T0lspBx4RQ7wwju19N7zs7h','pending','2026-02-14 16:39:51+00'),
(2,320,6,3,'deposit',60.00,'pi_3T0lusBx4RQ7wwju1hoa0bNs','pending','2026-02-14 16:41:58+00'),
(3,321,6,3,'deposit',60.00,'pi_3T0lwEBx4RQ7wwju0iTC15KS','pending','2026-02-14 16:43:22+00'),
(4,322,6,3,'deposit',60.00,'pi_3T0lxUBx4RQ7wwju0CLpDKok','pending','2026-02-14 16:44:40+00'),
(5,323,6,3,'deposit',60.00,'pi_3T0lymBx4RQ7wwju1onSqJss','pending','2026-02-14 16:46:00+00'),
(6,325,6,3,'deposit',60.00,'pi_3T0mVgBx4RQ7wwju0gV3OItC','pending','2026-02-14 17:20:00+00'),
(7,326,6,3,'deposit',75.00,'pi_3T1DAMBx4RQ7wwju0d2chb0Y','pending','2026-02-15 21:47:46+00');

SELECT setval('payments_id_seq', (SELECT MAX(id) FROM payments));

-- ============================================================
-- 13. payment_methods (1 row)
-- Note: card_number + cvc intentionally omitted (plaintext security risk)
--       stripe_pm_id = NULL (not stored in old MySQL DB)
-- ============================================================
INSERT INTO payment_methods (id, user_id, brand, last4, exp_month, exp_year, cardholder_name, stripe_pm_id, is_default, created_at)
OVERRIDING SYSTEM VALUE VALUES
(1,6,'visa','1111',12,2027,'Noah DEKEYZER',NULL,true,'2026-01-19 21:19:35+00');

SELECT setval('payment_methods_id_seq', (SELECT MAX(id) FROM payment_methods));

-- ============================================================
-- Done — all sequences reset to max(id) of each table
-- ============================================================
